Type,Series,Car,Axle,Position,Time,Mileage,tamian,zhijing
C70A,3,1,30699,1,0,0,NA,NA
C70A,3,1,30699,2,0,0,NA,NA
C70A,3,1,6245,3,0,0,NA,NA
C70A,3,1,6245,4,0,0,NA,NA
C70A,3,1,32989,5,0,0,NA,NA
C70A,3,1,32989,6,0,0,NA,NA
C70A,3,1,19835,7,0,0,NA,NA
C70A,3,1,19835,8,0,0,NA,NA
C70A,3,1,30699,1,137,58572,0.7,NA
C70A,3,1,30699,2,137,58572,0.5,NA
C70A,3,1,6245,3,137,58572,0.8,NA
C70A,3,1,6245,4,137,58572,0.7,NA
C70A,3,1,32989,5,137,58572,0.9,NA
C70A,3,1,32989,6,137,58572,0.5,NA
C70A,3,1,19835,7,137,58572,1,NA
C70A,3,1,19835,8,137,58572,0.8,NA
C70A,3,1,30699,1,193,85591,0.5,NA
C70A,3,1,30699,2,193,85591,0.7,NA
C70A,3,1,6245,3,193,85591,0.7,NA
C70A,3,1,6245,4,193,85591,0.3,NA
C70A,3,1,32989,5,193,85591,0.3,NA
C70A,3,1,32989,6,193,85591,0.4,NA
C70A,3,1,19835,7,193,85591,0.9,NA
C70A,3,1,19835,8,193,85591,0.5,NA
C70A,3,1,30699,1,239,106130,0.7,825.5
C70A,3,1,30699,2,239,106130,0.9,825.2
C70A,3,1,6245,3,239,106130,0.7,822.7
C70A,3,1,6245,4,239,106130,0.6,822.9
C70A,3,1,32989,5,239,106130,0.7,825.5
C70A,3,1,32989,6,239,106130,0.7,825.6
C70A,3,1,19835,7,239,106130,1.3,825.4
C70A,3,1,19835,8,239,106130,0.8,826.5
C70A,3,2,22339,1,0,0,NA,NA
C70A,3,2,22339,2,0,0,NA,NA
C70A,3,2,36884,3,0,0,NA,NA
C70A,3,2,36884,4,0,0,NA,NA
C70A,3,2,9659,5,0,0,NA,NA
C70A,3,2,9659,6,0,0,NA,NA
C70A,3,2,87180,7,0,0,NA,NA
C70A,3,2,87180,8,0,0,NA,NA
C70A,3,2,22339,1,137,58572,1,NA
C70A,3,2,22339,2,137,58572,0.9,NA
C70A,3,2,36884,3,137,58572,0.7,NA
C70A,3,2,36884,4,137,58572,1.1,NA
C70A,3,2,9659,5,137,58572,1.2,NA
C70A,3,2,9659,6,137,58572,0.8,NA
C70A,3,2,87180,7,137,58572,0.5,NA
C70A,3,2,87180,8,137,58572,1.1,NA
C70A,3,2,22339,1,193,85591,1.5,NA
C70A,3,2,22339,2,193,85591,0.8,NA
C70A,3,2,36884,3,193,85591,1,NA
C70A,3,2,36884,4,193,85591,1.8,NA
C70A,3,2,9659,5,193,85591,0.5,NA
C70A,3,2,9659,6,193,85591,1,NA
C70A,3,2,87180,7,193,85591,0.8,NA
C70A,3,2,87180,8,193,85591,0.6,NA
C70A,3,2,22339,1,239,106130,1.2,827
C70A,3,2,22339,2,239,106130,1,827.5
C70A,3,2,36884,3,239,106130,1.3,828.1
C70A,3,2,36884,4,239,106130,1.9,826.8
C70A,3,2,9659,5,239,106130,1.1,824.2
C70A,3,2,9659,6,239,106130,1.3,824.1
C70A,3,2,87180,7,239,106130,1.1,824.4
C70A,3,2,87180,8,239,106130,0.7,824.2
C70A,3,3,26168,1,0,0,NA,NA
C70A,3,3,26168,2,0,0,NA,NA
C70A,3,3,25401,3,0,0,NA,NA
C70A,3,3,25401,4,0,0,NA,NA
C70A,3,3,42089,5,0,0,0,810.5
C70A,3,3,42089,6,0,0,0,810.3
C70A,3,3,80819,7,0,0,0,815.5
C70A,3,3,80819,8,0,0,0,815.2
C70A,3,3,26168,1,137,58572,0.7,NA
C70A,3,3,26168,2,137,58572,0.5,NA
C70A,3,3,25401,3,137,58572,0.8,NA
C70A,3,3,25401,4,137,58572,0.7,NA
C70A,3,3,42089,5,137,58572,0.8,NA
C70A,3,3,42089,6,137,58572,0.9,NA
C70A,3,3,80819,7,137,58572,0.7,NA
C70A,3,3,80819,8,137,58572,1,NA
C70A,3,3,26168,1,193,85591,1.4,NA
C70A,3,3,26168,2,193,85591,1,NA
C70A,3,3,25401,3,193,85591,1,NA
C70A,3,3,25401,4,193,85591,1,NA
C70A,3,3,42089,5,193,85591,2,NA
C70A,3,3,42089,6,193,85591,1,NA
C70A,3,3,80819,7,193,85591,0.4,NA
C70A,3,3,80819,8,193,85591,1.4,NA
C70A,3,3,26168,1,239,106130,0.6,804.5
C70A,3,3,26168,2,239,106130,1.5,803.1
C70A,3,3,25401,3,239,106130,1.1,806.1
C70A,3,3,25401,4,239,106130,1.9,804.5
C70A,3,3,42089,5,239,106130,1.4,806.3
C70A,3,3,42089,6,239,106130,1.3,807.3
C70A,3,3,80819,7,239,106130,0.6,812.2
C70A,3,3,80819,8,239,106130,1.2,812
C70A,3,4,32992,1,0,0,0,808.5
C70A,3,4,32992,2,0,0,0,808.5
C70A,3,4,111041,3,0,0,0,809.5
C70A,3,4,111041,4,0,0,0,809
C70A,3,4,160078,5,0,0,0,817
C70A,3,4,160078,6,0,0,0,817.3
C70A,3,4,25553,7,0,0,0,811.4
C70A,3,4,25553,8,0,0,0,811.4
C70A,3,4,32992,1,137,58572,0.7,NA
C70A,3,4,32992,2,137,58572,0.8,NA
C70A,3,4,111041,3,137,58572,0.5,NA
C70A,3,4,111041,4,137,58572,0.8,NA
C70A,3,4,160078,5,137,58572,0.7,NA
C70A,3,4,160078,6,137,58572,0.8,NA
C70A,3,4,25553,7,137,58572,0.8,NA
C70A,3,4,25553,8,137,58572,1,NA
C70A,3,4,32992,1,193,85591,1.8,NA
C70A,3,4,32992,2,193,85591,0.5,NA
C70A,3,4,111041,3,193,85591,1.4,NA
C70A,3,4,111041,4,193,85591,1,NA
C70A,3,4,160078,5,193,85591,1.4,NA
C70A,3,4,160078,6,193,85591,0.7,NA
C70A,3,4,25553,7,193,85591,0.6,NA
C70A,3,4,25553,8,193,85591,1,NA
C70A,3,4,32992,1,239,106130,2,803.6
C70A,3,4,32992,2,239,106130,0.7,805.3
C70A,3,4,111041,3,239,106130,1.3,805.9
C70A,3,4,111041,4,239,106130,1.3,805.1
C70A,3,4,160078,5,239,106130,1.5,814.1
C70A,3,4,160078,6,239,106130,1,814.9
C70A,3,4,25553,7,239,106130,0.9,808.5
C70A,3,4,25553,8,239,106130,1.1,807.5
C70A,3,5,107572,1,0,0,0,825.8
C70A,3,5,107572,2,0,0,0,825.5
C70A,3,5,24205,3,0,0,NA,824.5
C70A,3,5,24205,4,0,0,NA,825.2
C70A,3,5,35865,5,0,0,0,823.8
C70A,3,5,35865,6,0,0,0,824.1
C70A,3,5,35869,7,0,0,0,825.9
C70A,3,5,35869,8,0,0,0,826.4
C70A,3,5,107572,1,137,58572,0.5,NA
C70A,3,5,107572,2,137,58572,0.7,NA
C70A,3,5,24205,3,137,58572,2.6,NA
C70A,3,5,24205,4,137,58572,2.9,NA
C70A,3,5,35865,5,137,58572,0.4,NA
C70A,3,5,35865,6,137,58572,0.6,NA
C70A,3,5,35869,7,137,58572,0.5,NA
C70A,3,5,35869,8,137,58572,0.6,NA
C70A,3,5,107572,1,193,85591,1.3,NA
C70A,3,5,107572,2,193,85591,2,NA
C70A,3,5,24205,3,193,85591,3.8,NA
C70A,3,5,24205,4,193,85591,4.1,NA
C70A,3,5,35865,5,193,85591,2.7,NA
C70A,3,5,35865,6,193,85591,1.3,NA
C70A,3,5,35869,7,193,85591,1.2,NA
C70A,3,5,35869,8,193,85591,1.9,NA
C70A,3,5,107572,1,239,106130,1.3,822.8
C70A,3,5,107572,2,239,106130,2,820.6
C70A,3,5,24205,3,239,106130,3.3,822.4
C70A,3,5,24205,4,239,106130,3.2,822.9
C70A,3,5,35865,5,239,106130,2.1,818.8
C70A,3,5,35865,6,239,106130,1.4,820.8
C70A,3,5,35869,7,239,106130,0.8,822.5
C70A,3,5,35869,8,239,106130,1.6,821.5
C70A,3,6,2868,1,0,0,0,824.6
C70A,3,6,2868,2,0,0,0,824.7
C70A,3,6,30942,3,0,0,NA,823.6
C70A,3,6,30942,4,0,0,NA,822.9
C70A,3,6,81394,5,0,0,0,823.6
C70A,3,6,81394,6,0,0,0,823.4
C70A,3,6,27776,7,0,0,0,826.1
C70A,3,6,27776,8,0,0,0,825.8
C70A,3,6,2868,1,137,58572,0.5,NA
C70A,3,6,2868,2,137,58572,0.4,NA
C70A,3,6,30942,3,137,58572,1.8,NA
C70A,3,6,30942,4,137,58572,2,NA
C70A,3,6,81394,5,137,58572,0.4,NA
C70A,3,6,81394,6,137,58572,0.6,NA
C70A,3,6,27776,7,137,58572,0.7,NA
C70A,3,6,27776,8,137,58572,0.5,NA
C70A,3,6,2868,1,193,85591,2.5,NA
C70A,3,6,2868,2,193,85591,1.8,NA
C70A,3,6,30942,3,193,85591,2.8,NA
C70A,3,6,30942,4,193,85591,3.8,NA
C70A,3,6,81394,5,193,85591,0.7,NA
C70A,3,6,81394,6,193,85591,1.2,NA
C70A,3,6,27776,7,193,85591,2.5,NA
C70A,3,6,27776,8,193,85591,1.6,NA
C70A,3,6,2868,1,239,106130,2,819.3
C70A,3,6,2868,2,239,106130,1.3,821.1
C70A,3,6,30942,3,239,106130,2.5,821
C70A,3,6,30942,4,239,106130,3.1,818.9
C70A,3,6,81394,5,239,106130,0.8,820.6
C70A,3,6,81394,6,239,106130,0.5,820.7
C70A,3,6,27776,7,239,106130,1.9,821.5
C70A,3,6,27776,8,239,106130,1.2,822
C70A,4,7,15870,1,0,0,NA,841.4
C70A,4,7,15870,2,0,0,NA,841.5
C70A,4,7,13462,3,0,0,0,839
C70A,4,7,13462,4,0,0,0,839
C70A,4,7,78960,5,0,0,NA,840.6
C70A,4,7,78960,6,0,0,NA,840.7
C70A,4,7,24759,7,0,0,NA,841
C70A,4,7,24759,8,0,0,NA,841
C70A,4,7,15870,1,374,153125,1.8,839.2
C70A,4,7,15870,2,374,153125,2,838.5
C70A,4,7,13462,3,374,153125,0.8,835.2
C70A,4,7,13462,4,374,153125,0.5,836.4
C70A,4,7,78960,5,374,153125,2.1,839.5
C70A,4,7,78960,6,374,153125,2.1,837.8
C70A,4,7,24759,7,374,153125,2.1,838.7
C70A,4,7,24759,8,374,153125,1.8,838.7
C70A,4,7,15870,1,429,178601,2.4,NA
C70A,4,7,15870,2,429,178601,2.7,NA
C70A,4,7,13462,3,429,178601,1.5,NA
C70A,4,7,13462,4,429,178601,NA,NA
C70A,4,7,78960,5,429,178601,NA,NA
C70A,4,7,78960,6,429,178601,1.9,NA
C70A,4,7,24759,7,429,178601,2.4,NA
C70A,4,7,24759,8,429,178601,2.7,NA
C70A,4,7,15870,1,484,204963,2.8,837.2
C70A,4,7,15870,2,484,204963,3,836
C70A,4,7,13462,3,484,204963,1.8,831.8
C70A,4,7,13462,4,484,204963,1.7,833.7
C70A,4,7,78960,5,484,204963,2.8,836.4
C70A,4,7,78960,6,484,204963,3.2,835.4
C70A,4,7,24759,7,484,204963,2.8,836.6
C70A,4,7,24759,8,484,204963,3.1,836.2
C70A,4,8,14981,1,0,0,NA,804
C70A,4,8,14981,2,0,0,NA,804
C70A,4,8,47531,3,0,0,NA,800.2
C70A,4,8,47531,4,0,0,NA,800.5
C70A,4,8,18649,5,0,0,NA,801.6
C70A,4,8,18649,6,0,0,NA,801.5
C70A,4,8,23094,7,0,0,NA,804.6
C70A,4,8,23094,8,0,0,NA,804.7
C70A,4,8,14981,1,374,153125,2.5,801.7
C70A,4,8,14981,2,374,153125,2.5,801.7
C70A,4,8,47531,3,374,153125,3.1,797.2
C70A,4,8,47531,4,374,153125,2.5,799.4
C70A,4,8,18649,5,374,153125,2.2,800
C70A,4,8,18649,6,374,153125,2.5,799.3
C70A,4,8,23094,7,374,153125,2.4,803
C70A,4,8,23094,8,374,153125,2.5,802.7
C70A,4,8,14981,1,429,178601,NA,NA
C70A,4,8,14981,2,429,178601,1.4,NA
C70A,4,8,47531,3,429,178601,3.9,NA
C70A,4,8,47531,4,429,178601,1.9,NA
C70A,4,8,18649,5,429,178601,3.3,NA
C70A,4,8,18649,6,429,178601,1.9,NA
C70A,4,8,23094,7,429,178601,NA,NA
C70A,4,8,23094,8,429,178601,2.5,NA
C70A,4,8,14981,1,484,204963,3.2,798.3
C70A,4,8,14981,2,484,204963,3.3,798.8
C70A,4,8,47531,3,484,204963,4.9,792.2
C70A,4,8,47531,4,484,204963,2.8,796.7
C70A,4,8,18649,5,484,204963,3.8,795.7
C70A,4,8,18649,6,484,204963,3.5,796.5
C70A,4,8,23094,7,484,204963,2.9,800.2
C70A,4,8,23094,8,484,204963,3.2,800.1
C70A,4,9,36434,1,0,0,NA,840.5
C70A,4,9,36434,2,0,0,NA,840.5
C70A,4,9,36046,3,0,0,0,838
C70A,4,9,36046,4,0,0,0,838
C70A,4,9,35164,5,0,0,0,838
C70A,4,9,35164,6,0,0,0,838
C70A,4,9,61447,7,0,0,NA,840.2
C70A,4,9,61447,8,0,0,NA,840.7
C70A,4,9,36434,1,374,153125,2.1,839.1
C70A,4,9,36434,2,374,153125,2.5,838
C70A,4,9,36046,3,374,153125,0.8,837
C70A,4,9,36046,4,374,153125,0.6,836
C70A,4,9,35164,5,374,153125,0.7,836.6
C70A,4,9,35164,6,374,153125,0.5,835.4
C70A,4,9,61447,7,374,153125,2.7,838.3
C70A,4,9,61447,8,374,153125,2.5,837.8
C70A,4,9,36434,1,429,178601,2.5,NA
C70A,4,9,36434,2,429,178601,2.1,NA
C70A,4,9,36046,3,429,178601,2.3,NA
C70A,4,9,36046,4,429,178601,NA,NA
C70A,4,9,35164,5,429,178601,NA,NA
C70A,4,9,35164,6,429,178601,NA,NA
C70A,4,9,61447,7,429,178601,3.2,NA
C70A,4,9,61447,8,429,178601,NA,NA
C70A,4,9,36434,1,484,204963,2.7,836.2
C70A,4,9,36434,2,484,204963,4.2,834.2
C70A,4,9,36046,3,484,204963,2.4,833.2
C70A,4,9,36046,4,484,204963,1.4,833.8
C70A,4,9,35164,5,484,204963,1.5,834.2
C70A,4,9,35164,6,484,204963,1.7,832.6
C70A,4,9,61447,7,484,204963,3.6,834.8
C70A,4,9,61447,8,484,204963,3.3,835.6
C70A,4,10,18993,1,0,0,NA,840
C70A,4,10,18993,2,0,0,NA,840.2
C70A,4,10,22415,3,0,0,NA,840.5
C70A,4,10,22415,4,0,0,NA,840.2
C70A,4,10,13542,5,0,0,0,837
C70A,4,10,13542,6,0,0,0,837
C70A,4,10,93734,7,0,0,NA,840.2
C70A,4,10,93734,8,0,0,NA,840
C70A,4,10,18993,1,374,153125,2.2,838.4
C70A,4,10,18993,2,374,153125,2.5,838
C70A,4,10,22415,3,374,153125,2.1,839.3
C70A,4,10,22415,4,374,153125,2.5,837.6
C70A,4,10,13542,5,374,153125,0.5,835.9
C70A,4,10,13542,6,374,153125,0.9,835
C70A,4,10,93734,7,374,153125,2,838.5
C70A,4,10,93734,8,374,153125,2.1,837.8
C70A,4,10,18993,1,429,178601,2.4,NA
C70A,4,10,18993,2,429,178601,NA,NA
C70A,4,10,22415,3,429,178601,2.4,NA
C70A,4,10,22415,4,429,178601,2.9,NA
C70A,4,10,13542,5,429,178601,1.1,NA
C70A,4,10,13542,6,429,178601,NA,NA
C70A,4,10,93734,7,429,178601,2,NA
C70A,4,10,93734,8,429,178601,NA,NA
C70A,4,10,18993,1,484,204963,2.6,836.8
C70A,4,10,18993,2,484,204963,3.1,836.5
C70A,4,10,22415,3,484,204963,2.5,838.2
C70A,4,10,22415,4,484,204963,3,836.1
C70A,4,10,13542,5,484,204963,1.2,833.8
C70A,4,10,13542,6,484,204963,1.3,833.6
C70A,4,10,93734,7,484,204963,2.3,837.3
C70A,4,10,93734,8,484,204963,2.8,836.6
C70A,3,11,33712,1,0,0,0,818.7
C70A,3,11,33712,2,0,0,0,819.1
C70A,3,11,464,3,0,0,0,818.2
C70A,3,11,464,4,0,0,0,818.5
C70A,3,11,39915,5,0,0,0,817.2
C70A,3,11,39915,6,0,0,0,817.2
C70A,3,11,202019,7,0,0,0,819.1
C70A,3,11,202019,8,0,0,0,819
C70A,3,11,33712,1,137,58572,0.5,NA
C70A,3,11,33712,2,137,58572,0.4,NA
C70A,3,11,464,3,137,58572,0.5,NA
C70A,3,11,464,4,137,58572,0.7,NA
C70A,3,11,39915,5,137,58572,0.6,NA
C70A,3,11,39915,6,137,58572,0.4,NA
C70A,3,11,202019,7,137,58572,0.4,NA
C70A,3,11,202019,8,137,58572,0.5,NA
C70A,3,11,33712,1,193,85591,0.9,NA
C70A,3,11,33712,2,193,85591,1.4,NA
C70A,3,11,464,3,193,85591,0.9,NA
C70A,3,11,464,4,193,85591,1.9,NA
C70A,3,11,39915,5,193,85591,2,NA
C70A,3,11,39915,6,193,85591,1,NA
C70A,3,11,202019,7,193,85591,1.3,NA
C70A,3,11,202019,8,193,85591,1,NA
C70A,3,11,33712,1,239,106130,0.8,815.2
C70A,3,11,33712,2,239,106130,1.5,815.4
C70A,3,11,464,3,239,106130,1,815.4
C70A,3,11,464,4,239,106130,2.1,813.7
C70A,3,11,39915,5,239,106130,2.2,811.5
C70A,3,11,39915,6,239,106130,1.6,813.9
C70A,3,11,202019,7,239,106130,0.8,815.5
C70A,3,11,202019,8,239,106130,0.5,816.9
C70A,3,12,14877,1,0,0,0,822.3
C70A,3,12,14877,2,0,0,0,821.9
C70A,3,12,4477,3,0,0,0,820.4
C70A,3,12,4477,4,0,0,0,820
C70A,3,12,201979,5,0,0,0,824.2
C70A,3,12,201979,6,0,0,0,823
C70A,3,12,14997,7,0,0,0,824.8
C70A,3,12,14997,8,0,0,0,824.4
C70A,3,12,14877,1,137,58572,0.4,NA
C70A,3,12,14877,2,137,58572,0.3,NA
C70A,3,12,4477,3,137,58572,0.5,NA
C70A,3,12,4477,4,137,58572,0.4,NA
C70A,3,12,201979,5,137,58572,0.6,NA
C70A,3,12,201979,6,137,58572,0.7,NA
C70A,3,12,14997,7,137,58572,0.6,NA
C70A,3,12,14997,8,137,58572,0.4,NA
C70A,3,12,14877,1,193,85591,0.6,NA
C70A,3,12,14877,2,193,85591,0.7,NA
C70A,3,12,4477,3,193,85591,0.7,NA
C70A,3,12,4477,4,193,85591,0.7,NA
C70A,3,12,201979,5,193,85591,0.7,NA
C70A,3,12,201979,6,193,85591,0.9,NA
C70A,3,12,14997,7,193,85591,1,NA
C70A,3,12,14997,8,193,85591,1,NA
C70A,3,12,14877,1,239,106130,1.1,819.5
C70A,3,12,14877,2,239,106130,0.9,819.1
C70A,3,12,4477,3,239,106130,1,818.4
C70A,3,12,4477,4,239,106130,0.4,817.6
C70A,3,12,201979,5,239,106130,0.5,821.1
C70A,3,12,201979,6,239,106130,0.9,820.1
C70A,3,12,14997,7,239,106130,1.6,820.8
C70A,3,12,14997,8,239,106130,1.2,820.9
C70A,4,13,21646,1,0,0,NA,837
C70A,4,13,21646,2,0,0,NA,837
C70A,4,13,21703,3,0,0,NA,832
C70A,4,13,21703,4,0,0,NA,832
C70A,4,13,78222,5,0,0,NA,839
C70A,4,13,78222,6,0,0,NA,838.5
C70A,4,13,33393,7,0,0,NA,840.5
C70A,4,13,33393,8,0,0,NA,840
C70A,4,13,21646,1,374,153125,3.4,834.6
C70A,4,13,21646,2,374,153125,3.1,834.4
C70A,4,13,21703,3,374,153125,2.7,829.3
C70A,4,13,21703,4,374,153125,2.2,829.3
C70A,4,13,78222,5,374,153125,3.3,837.1
C70A,4,13,78222,6,374,153125,4,835.3
C70A,4,13,33393,7,374,153125,2.3,838.7
C70A,4,13,33393,8,374,153125,3,836.4
C70A,4,13,21646,1,429,178601,3.4,NA
C70A,4,13,21646,2,429,178601,3.7,NA
C70A,4,13,21703,3,429,178601,3.4,NA
C70A,4,13,21703,4,429,178601,2.6,NA
C70A,4,13,78222,5,429,178601,3.3,NA
C70A,4,13,78222,6,429,178601,4.2,NA
C70A,4,13,33393,7,429,178601,2.1,NA
C70A,4,13,33393,8,429,178601,3.6,NA
C70A,4,13,21646,1,484,204963,3.9,832
C70A,4,13,21646,2,484,204963,4,832.2
C70A,4,13,21703,3,484,204963,3.9,825.2
C70A,4,13,21703,4,484,204963,3.1,827
C70A,4,13,78222,5,484,204963,3.4,835.2
C70A,4,13,78222,6,484,204963,4.8,832.9
C70A,4,13,33393,7,484,204963,2.5,836.2
C70A,4,13,33393,8,484,204963,3.9,833.6
C70A,4,14,13292,1,0,0,NA,841.4
C70A,4,14,13292,2,0,0,NA,841.3
C70A,4,14,31491,3,0,0,NA,841
C70A,4,14,31491,4,0,0,NA,841
C70A,4,14,39619,5,0,0,NA,840.4
C70A,4,14,39619,6,0,0,NA,840.3
C70A,4,14,36044,7,0,0,NA,841
C70A,4,14,36044,8,0,0,NA,841
C70A,4,14,13292,1,374,153125,1.9,839.7
C70A,4,14,13292,2,374,153125,2.3,838.8
C70A,4,14,31491,3,374,153125,2.1,839.2
C70A,4,14,31491,4,374,153125,2,838.9
C70A,4,14,39619,5,374,153125,2.3,838.7
C70A,4,14,39619,6,374,153125,3.3,836.2
C70A,4,14,36044,7,374,153125,2,838.5
C70A,4,14,36044,8,374,153125,2.3,838.3
C70A,4,14,13292,1,429,178601,2.1,NA
C70A,4,14,13292,2,429,178601,2.9,NA
C70A,4,14,31491,3,429,178601,2.8,NA
C70A,4,14,31491,4,429,178601,NA,NA
C70A,4,14,39619,5,429,178601,2.7,NA
C70A,4,14,39619,6,429,178601,4.2,NA
C70A,4,14,36044,7,429,178601,2.5,NA
C70A,4,14,36044,8,429,178601,2.8,NA
C70A,4,14,13292,1,484,204963,2.3,837.2
C70A,4,14,13292,2,484,204963,3.1,836
C70A,4,14,31491,3,484,204963,3.4,835.4
C70A,4,14,31491,4,484,204963,2.6,836.4
C70A,4,14,39619,5,484,204963,3.1,836
C70A,4,14,39619,6,484,204963,4.6,833.3
C70A,4,14,36044,7,484,204963,2.6,836.2
C70A,4,14,36044,8,484,204963,3,835.9
C70A,3,15,174660,1,0,0,0,829
C70A,3,15,174660,2,0,0,0,829
C70A,3,15,151568,3,0,0,0,824.9
C70A,3,15,151568,4,0,0,0,825.4
C70A,3,15,85679,5,0,0,0,824.1
C70A,3,15,85679,6,0,0,0,824.3
C70A,3,15,105486,7,0,0,0,824.6
C70A,3,15,105486,8,0,0,0,824.2
C70A,3,15,174660,1,137,58572,0.3,NA
C70A,3,15,174660,2,137,58572,0.3,NA
C70A,3,15,151568,3,137,58572,0.6,NA
C70A,3,15,151568,4,137,58572,0.4,NA
C70A,3,15,85679,5,137,58572,0.4,NA
C70A,3,15,85679,6,137,58572,0.3,NA
C70A,3,15,105486,7,137,58572,0.6,NA
C70A,3,15,105486,8,137,58572,0.5,NA
C70A,3,15,174660,1,193,85591,1.4,NA
C70A,3,15,174660,2,193,85591,2.1,NA
C70A,3,15,151568,3,193,85591,1.9,NA
C70A,3,15,151568,4,193,85591,1.6,NA
C70A,3,15,85679,5,193,85591,2.2,NA
C70A,3,15,85679,6,193,85591,2.5,NA
C70A,3,15,105486,7,193,85591,2.1,NA
C70A,3,15,105486,8,193,85591,3.6,NA
C70A,3,15,174660,1,239,106130,0.7,825.1
C70A,3,15,174660,2,239,106130,0.9,826.7
C70A,3,15,151568,3,239,106130,0.8,822
C70A,3,15,151568,4,239,106130,1.3,822.3
C70A,3,15,85679,5,239,106130,0.8,821.8
C70A,3,15,85679,6,239,106130,0.5,821.9
C70A,3,15,105486,7,239,106130,0.8,821.8
C70A,3,15,105486,8,239,106130,0.6,822
C70A,3,16,73977,1,0,0,0,823.5
C70A,3,16,73977,2,0,0,0,823.7
C70A,3,16,78548,3,0,0,0,822.9
C70A,3,16,78548,4,0,0,0,822.9
C70A,3,16,111586,5,0,0,0,822.8
C70A,3,16,111586,6,0,0,0,822.5
C70A,3,16,35033,7,0,0,0,822.9
C70A,3,16,35033,8,0,0,0,822.6
C70A,3,16,73977,1,137,58572,0.3,NA
C70A,3,16,73977,2,137,58572,0.4,NA
C70A,3,16,78548,3,137,58572,0.3,NA
C70A,3,16,78548,4,137,58572,0.4,NA
C70A,3,16,111586,5,137,58572,0.3,NA
C70A,3,16,111586,6,137,58572,0.4,NA
C70A,3,16,35033,7,137,58572,0.3,NA
C70A,3,16,35033,8,137,58572,0.5,NA
C70A,3,16,73977,1,193,85591,1.6,NA
C70A,3,16,73977,2,193,85591,0.9,NA
C70A,3,16,78548,3,193,85591,1.8,NA
C70A,3,16,78548,4,193,85591,1.5,NA
C70A,3,16,111586,5,193,85591,3.7,NA
C70A,3,16,111586,6,193,85591,2.1,NA
C70A,3,16,35033,7,193,85591,1.1,NA
C70A,3,16,35033,8,193,85591,3.4,NA
C70A,3,16,73977,1,239,106130,1.4,820.1
C70A,3,16,73977,2,239,106130,1.6,820.5
C70A,3,16,78548,3,239,106130,0.7,820
C70A,3,16,78548,4,239,106130,1.3,819.9
C70A,3,16,111586,5,239,106130,0.6,820.1
C70A,3,16,111586,6,239,106130,0.6,819.8
C70A,3,16,35033,7,239,106130,1.4,818.4
C70A,3,16,35033,8,239,106130,1.6,818.5
C70A,3,17,200531,1,0,0,NA,NA
C70A,3,17,200531,2,0,0,NA,NA
C70A,3,17,110857,3,0,0,0,825
C70A,3,17,110857,4,0,0,0,825.1
C70A,3,17,84,5,0,0,0,823.9
C70A,3,17,84,6,0,0,0,824
C70A,3,17,201568,7,0,0,NA,NA
C70A,3,17,201568,8,0,0,NA,NA
C70A,3,17,200531,1,137,58572,0.5,NA
C70A,3,17,200531,2,137,58572,0.7,NA
C70A,3,17,110857,3,137,58572,1,NA
C70A,3,17,110857,4,137,58572,0.8,NA
C70A,3,17,84,5,137,58572,0.7,NA
C70A,3,17,84,6,137,58572,0.5,NA
C70A,3,17,201568,7,137,58572,0.6,NA
C70A,3,17,201568,8,137,58572,0.7,NA
C70A,3,17,200531,1,193,85591,1.4,NA
C70A,3,17,200531,2,193,85591,1.5,NA
C70A,3,17,110857,3,193,85591,1.2,NA
C70A,3,17,110857,4,193,85591,1.3,NA
C70A,3,17,84,5,193,85591,0.9,NA
C70A,3,17,84,6,193,85591,1.2,NA
C70A,3,17,201568,7,193,85591,0.4,NA
C70A,3,17,201568,8,193,85591,0.8,NA
C70A,3,17,200531,1,239,106130,1.8,822
C70A,3,17,200531,2,239,106130,1.2,823.2
C70A,3,17,110857,3,239,106130,1.6,821
C70A,3,17,110857,4,239,106130,2.6,819.8
C70A,3,17,84,5,239,106130,2.3,817.9
C70A,3,17,84,6,239,106130,1.1,820.6
C70A,3,17,201568,7,239,106130,1.3,821.2
C70A,3,17,201568,8,239,106130,1.8,820.4
C70A,3,18,107540,1,0,0,NA,NA
C70A,3,18,107540,2,0,0,NA,NA
C70A,3,18,152084,3,0,0,NA,NA
C70A,3,18,152084,4,0,0,NA,NA
C70A,3,18,13239,5,0,0,0,820.8
C70A,3,18,13239,6,0,0,0,820
C70A,3,18,4973,7,0,0,NA,821.1
C70A,3,18,4973,8,0,0,NA,820.5
C70A,3,18,107540,1,137,58572,0.5,NA
C70A,3,18,107540,2,137,58572,0.4,NA
C70A,3,18,152084,3,137,58572,0.6,NA
C70A,3,18,152084,4,137,58572,0.7,NA
C70A,3,18,13239,5,137,58572,0.5,NA
C70A,3,18,13239,6,137,58572,0.6,NA
C70A,3,18,4973,7,137,58572,2.5,NA
C70A,3,18,4973,8,137,58572,2.7,NA
C70A,3,18,107540,1,193,85591,1.2,NA
C70A,3,18,107540,2,193,85591,2.7,NA
C70A,3,18,152084,3,193,85591,1.4,NA
C70A,3,18,152084,4,193,85591,1.5,NA
C70A,3,18,13239,5,193,85591,1.6,NA
C70A,3,18,13239,6,193,85591,3.2,NA
C70A,3,18,4973,7,193,85591,0.8,NA
C70A,3,18,4973,8,193,85591,0.7,NA
C70A,3,18,107540,1,239,106130,1.4,817.6
C70A,3,18,107540,2,239,106130,0.8,818.4
C70A,3,18,152084,3,239,106130,1.5,818.5
C70A,3,18,152084,4,239,106130,2.2,816.4
C70A,3,18,13239,5,239,106130,1.2,816.4
C70A,3,18,13239,6,239,106130,0.9,817.1
C70A,3,18,4973,7,239,106130,3.4,816.5
C70A,3,18,4973,8,239,106130,3.3,817
C70A,4,19,5334,1,0,0,NA,838
C70A,4,19,5334,2,0,0,NA,838.4
C70A,4,19,11934,3,0,0,NA,836
C70A,4,19,11934,4,0,0,NA,836
C70A,4,19,32616,5,0,0,NA,841
C70A,4,19,32616,6,0,0,NA,841
C70A,4,19,78738,7,0,0,NA,840.6
C70A,4,19,78738,8,0,0,NA,840.5
C70A,4,19,5334,1,374,153125,2.4,835.2
C70A,4,19,5334,2,374,153125,2.3,835.1
C70A,4,19,11934,3,374,153125,1.7,834.4
C70A,4,19,11934,4,374,153125,2.2,833.1
C70A,4,19,32616,5,374,153125,1.7,839.5
C70A,4,19,32616,6,374,153125,1.8,838.7
C70A,4,19,78738,7,374,153125,2,838.5
C70A,4,19,78738,8,374,153125,2.2,837.7
C70A,4,19,5334,1,429,178601,2.9,NA
C70A,4,19,5334,2,429,178601,2.8,NA
C70A,4,19,11934,3,429,178601,NA,NA
C70A,4,19,11934,4,429,178601,2.9,NA
C70A,4,19,32616,5,429,178601,2.1,NA
C70A,4,19,32616,6,429,178601,2.3,NA
C70A,4,19,78738,7,429,178601,2.3,NA
C70A,4,19,78738,8,429,178601,3,NA
C70A,4,19,5334,1,484,204963,3.4,831.9
C70A,4,19,5334,2,484,204963,2.9,832.9
C70A,4,19,11934,3,484,204963,2.6,831.5
C70A,4,19,11934,4,484,204963,3,831
C70A,4,19,32616,5,484,204963,2.6,836.8
C70A,4,19,32616,6,484,204963,2.7,836.9
C70A,4,19,78738,7,484,204963,2.7,836.3
C70A,4,19,78738,8,484,204963,3.2,835.4
C70A,4,20,33044,1,0,0,NA,836.5
C70A,4,20,33044,2,0,0,NA,836.4
C70A,4,20,43647,3,0,0,NA,836
C70A,4,20,43647,4,0,0,NA,836
C70A,4,20,74853,5,0,0,NA,835.2
C70A,4,20,74853,6,0,0,NA,835.5
C70A,4,20,22461,7,0,0,NA,839.4
C70A,4,20,22461,8,0,0,NA,840
C70A,4,20,33044,1,374,153125,1.9,834.1
C70A,4,20,33044,2,374,153125,2.2,833.5
C70A,4,20,43647,3,374,153125,2.5,833.5
C70A,4,20,43647,4,374,153125,2,833.4
C70A,4,20,74853,5,374,153125,3.1,831.6
C70A,4,20,74853,6,374,153125,2.3,833.3
C70A,4,20,22461,7,374,153125,2.8,836.5
C70A,4,20,22461,8,374,153125,2.5,837.5
C70A,4,20,33044,1,429,178601,NA,NA
C70A,4,20,33044,2,429,178601,NA,NA
C70A,4,20,43647,3,429,178601,2.8,NA
C70A,4,20,43647,4,429,178601,2.6,NA
C70A,4,20,74853,5,429,178601,4.2,NA
C70A,4,20,74853,6,429,178601,NA,NA
C70A,4,20,22461,7,429,178601,3.6,NA
C70A,4,20,22461,8,429,178601,3,NA
C70A,4,20,33044,1,484,204963,2.9,831
C70A,4,20,33044,2,484,204963,3.1,830.9
C70A,4,20,43647,3,484,204963,3.5,830.3
C70A,4,20,43647,4,484,204963,3.1,831.3
C70A,4,20,74853,5,484,204963,4.7,827.3
C70A,4,20,74853,6,484,204963,2.9,831.1
C70A,4,20,22461,7,484,204963,3.7,834
C70A,4,20,22461,8,484,204963,3.1,835.5
C70A,4,21,29936,1,0,0,NA,841.5
C70A,4,21,29936,2,0,0,NA,841.3
C70A,4,21,34712,3,0,0,NA,840
C70A,4,21,34712,4,0,0,NA,840
C70A,4,21,15943,5,0,0,NA,840.5
C70A,4,21,15943,6,0,0,NA,840.4
C70A,4,21,27702,7,0,0,NA,841
C70A,4,21,27702,8,0,0,NA,840.5
C70A,4,21,29936,1,374,153125,1.9,839.4
C70A,4,21,29936,2,374,153125,2.4,838.1
C70A,4,21,34712,3,374,153125,2.4,838.6
C70A,4,21,34712,4,374,153125,3.1,836.3
C70A,4,21,15943,5,374,153125,2,838.8
C70A,4,21,15943,6,374,153125,2.6,837.5
C70A,4,21,27702,7,374,153125,2.2,838.7
C70A,4,21,27702,8,374,153125,2.6,836.9
C70A,4,21,29936,1,429,178601,2.8,NA
C70A,4,21,29936,2,429,178601,2.9,NA
C70A,4,21,34712,3,429,178601,3,NA
C70A,4,21,34712,4,429,178601,3.7,NA
C70A,4,21,15943,5,429,178601,NA,NA
C70A,4,21,15943,6,429,178601,3.2,NA
C70A,4,21,27702,7,429,178601,2.8,NA
C70A,4,21,27702,8,429,178601,3,NA
C70A,4,21,29936,1,484,204963,3,836
C70A,4,21,29936,2,484,204963,3.8,834.8
C70A,4,21,34712,3,484,204963,3.4,835.1
C70A,4,21,34712,4,484,204963,3.8,834
C70A,4,21,15943,5,484,204963,3.1,834.6
C70A,4,21,15943,6,484,204963,3.5,835.2
C70A,4,21,27702,7,484,204963,3.2,835.3
C70A,4,21,27702,8,484,204963,4.2,833.6
C70A,4,22,65104,1,0,0,0,826
C70A,4,22,65104,2,0,0,0,826
C70A,4,22,2835,3,0,0,0,826
C70A,4,22,2835,4,0,0,0,826
C70A,4,22,153668,5,0,0,0,824
C70A,4,22,153668,6,0,0,0,824
C70A,4,22,146181,7,0,0,NA,825
C70A,4,22,146181,8,0,0,NA,825
C70A,4,22,65104,1,374,153125,0.5,824.8
C70A,4,22,65104,2,374,153125,0.4,834.5
C70A,4,22,2835,3,374,153125,0.4,824.5
C70A,4,22,2835,4,374,153125,0.7,824.4
C70A,4,22,153668,5,374,153125,0.9,821.6
C70A,4,22,153668,6,374,153125,1.4,820.7
C70A,4,22,146181,7,374,153125,2,823.1
C70A,4,22,146181,8,374,153125,2.5,822.6
C70A,4,22,65104,1,429,178601,1.5,NA
C70A,4,22,65104,2,429,178601,1,NA
C70A,4,22,2835,3,429,178601,1,NA
C70A,4,22,2835,4,429,178601,NA,NA
C70A,4,22,153668,5,429,178601,NA,NA
C70A,4,22,153668,6,429,178601,2,NA
C70A,4,22,146181,7,429,178601,2.7,NA
C70A,4,22,146181,8,429,178601,2,NA
C70A,4,22,65104,1,484,204963,1.6,821.6
C70A,4,22,65104,2,484,204963,1.6,821.5
C70A,4,22,2835,3,484,204963,1.7,821.2
C70A,4,22,2835,4,484,204963,1.4,822.5
C70A,4,22,153668,5,484,204963,1.8,817.8
C70A,4,22,153668,6,484,204963,2.1,817.7
C70A,4,22,146181,7,484,204963,3,820.4
C70A,4,22,146181,8,484,204963,3.4,819.9
C70A,3,23,33717,1,0,0,0,819.4
C70A,3,23,33717,2,0,0,0,819.9
C70A,3,23,33598,3,0,0,0,817.7
C70A,3,23,33598,4,0,0,0,818
C70A,3,23,5230,5,0,0,0,815.7
C70A,3,23,5230,6,0,0,0,816.2
C70A,3,23,14318,7,0,0,0,815.8
C70A,3,23,14318,8,0,0,0,816.2
C70A,3,23,33717,1,137,58572,0.5,NA
C70A,3,23,33717,2,137,58572,0.4,NA
C70A,3,23,33598,3,137,58572,0.8,NA
C70A,3,23,33598,4,137,58572,0.6,NA
C70A,3,23,5230,5,137,58572,0.7,NA
C70A,3,23,5230,6,137,58572,0.9,NA
C70A,3,23,14318,7,137,58572,1.1,NA
C70A,3,23,14318,8,137,58572,0.7,NA
C70A,3,23,33717,1,193,85591,0.4,NA
C70A,3,23,33717,2,193,85591,0.7,NA
C70A,3,23,33598,3,193,85591,1.5,NA
C70A,3,23,33598,4,193,85591,2.1,NA
C70A,3,23,5230,5,193,85591,1.4,NA
C70A,3,23,5230,6,193,85591,2,NA
C70A,3,23,14318,7,193,85591,1.5,NA
C70A,3,23,14318,8,193,85591,0.6,NA
C70A,3,23,33717,1,239,106130,2.1,814
C70A,3,23,33717,2,239,106130,1.3,817
C70A,3,23,33598,3,239,106130,1.4,814.3
C70A,3,23,33598,4,239,106130,2.5,812.4
C70A,3,23,5230,5,239,106130,1.5,812.4
C70A,3,23,5230,6,239,106130,1.7,412.6
C70A,3,23,14318,7,239,106130,2.5,809.5
C70A,3,23,14318,8,239,106130,1.5,812.7
C70A,3,24,31114,1,0,0,0,823.7
C70A,3,24,31114,2,0,0,0,824
C70A,3,24,33705,3,0,0,0,823.7
C70A,3,24,33705,4,0,0,0,823.1
C70A,3,24,5256,5,0,0,0,821
C70A,3,24,5256,6,0,0,0,821.1
C70A,3,24,31026,7,0,0,0,822
C70A,3,24,31026,8,0,0,0,822.1
C70A,3,24,31114,1,137,58572,0.7,NA
C70A,3,24,31114,2,137,58572,0.8,NA
C70A,3,24,33705,3,137,58572,0.9,NA
C70A,3,24,33705,4,137,58572,1.1,NA
C70A,3,24,5256,5,137,58572,0.8,NA
C70A,3,24,5256,6,137,58572,0.9,NA
C70A,3,24,31026,7,137,58572,0.9,NA
C70A,3,24,31026,8,137,58572,0.7,NA
C70A,3,24,31114,1,193,85591,1.1,NA
C70A,3,24,31114,2,193,85591,0,NA
C70A,3,24,33705,3,193,85591,1.1,NA
C70A,3,24,33705,4,193,85591,0.5,NA
C70A,3,24,5256,5,193,85591,1.1,NA
C70A,3,24,5256,6,193,85591,1,NA
C70A,3,24,31026,7,193,85591,1,NA
C70A,3,24,31026,8,193,85591,1.1,NA
C70A,3,24,31114,1,239,106130,0.8,820.4
C70A,3,24,31114,2,239,106130,1.5,819.9
C70A,3,24,33705,3,239,106130,1.8,819.4
C70A,3,24,33705,4,239,106130,0.7,820.6
C70A,3,24,5256,5,239,106130,0.7,817.5
C70A,3,24,5256,6,239,106130,1.6,817.9
C70A,3,24,31026,7,239,106130,2.2,816.5
C70A,3,24,31026,8,239,106130,0.9,819.4
C70A,3,25,84513,1,0,0,0,828.8
C70A,3,25,84513,2,0,0,0,828.6
C70A,3,25,10574,3,0,0,0,828.2
C70A,3,25,10574,4,0,0,0,828.2
C70A,3,25,31060,5,0,0,0,831.7
C70A,3,25,31060,6,0,0,0,831.2
C70A,3,25,61651,7,0,0,0,833.3
C70A,3,25,61651,8,0,0,0,833.8
C70A,3,25,84513,1,137,58572,0.5,NA
C70A,3,25,84513,2,137,58572,0.7,NA
C70A,3,25,10574,3,137,58572,1,NA
C70A,3,25,10574,4,137,58572,0.8,NA
C70A,3,25,31060,5,137,58572,0.9,NA
C70A,3,25,31060,6,137,58572,1.1,NA
C70A,3,25,61651,7,137,58572,0.8,NA
C70A,3,25,61651,8,137,58572,0.9,NA
C70A,3,25,84513,1,193,85591,1.1,NA
C70A,3,25,84513,2,193,85591,2.1,NA
C70A,3,25,10574,3,193,85591,1.9,NA
C70A,3,25,10574,4,193,85591,1.1,NA
C70A,3,25,31060,5,193,85591,0.9,NA
C70A,3,25,31060,6,193,85591,0.6,NA
C70A,3,25,61651,7,193,85591,0.6,NA
C70A,3,25,61651,8,193,85591,1,NA
C70A,3,25,84513,1,239,106130,1.8,824.8
C70A,3,25,84513,2,239,106130,2.7,822.3
C70A,3,25,10574,3,239,106130,2.5,821.8
C70A,3,25,10574,4,239,106130,1.5,824.2
C70A,3,25,31060,5,239,106130,1.5,828.3
C70A,3,25,31060,6,239,106130,0.6,828.6
C70A,3,25,61651,7,239,106130,0.9,830.4
C70A,3,25,61651,8,239,106130,0.6,831.5
C70A,3,26,201797,1,0,0,0,827
C70A,3,26,201797,2,0,0,0,827.2
C70A,3,26,68160,3,0,0,0,826.1
C70A,3,26,68160,4,0,0,0,825.9
C70A,3,26,1014,5,0,0,0,825.1
C70A,3,26,1014,6,0,0,0,825.3
C70A,3,26,12532,7,0,0,0,826
C70A,3,26,12532,8,0,0,0,825.4
C70A,3,26,201797,1,137,58572,0.7,NA
C70A,3,26,201797,2,137,58572,0.9,NA
C70A,3,26,68160,3,137,58572,0.7,NA
C70A,3,26,68160,4,137,58572,0.8,NA
C70A,3,26,1014,5,137,58572,0.9,NA
C70A,3,26,1014,6,137,58572,0.7,NA
C70A,3,26,12532,7,137,58572,1.1,NA
C70A,3,26,12532,8,137,58572,1,NA
C70A,3,26,201797,1,193,85591,1,NA
C70A,3,26,201797,2,193,85591,2,NA
C70A,3,26,68160,3,193,85591,3,NA
C70A,3,26,68160,4,193,85591,0.9,NA
C70A,3,26,1014,5,193,85591,1.4,NA
C70A,3,26,1014,6,193,85591,1.8,NA
C70A,3,26,12532,7,193,85591,1,NA
C70A,3,26,12532,8,193,85591,1.7,NA
C70A,3,26,201797,1,239,106130,1,823.6
C70A,3,26,201797,2,239,106130,2.7,821.5
C70A,3,26,68160,3,239,106130,3.4,818.7
C70A,3,26,68160,4,239,106130,1.2,822.4
C70A,3,26,1014,5,239,106130,1.5,821.3
C70A,3,26,1014,6,239,106130,1.7,819.8
C70A,3,26,12532,7,239,106130,1,822
C70A,3,26,12532,8,239,106130,1.9,821.1
C70A,4,27,161657,1,0,0,NA,825
C70A,4,27,161657,2,0,0,NA,825
C70A,4,27,148675,3,0,0,NA,822
C70A,4,27,148675,4,0,0,NA,822
C70A,4,27,70921,5,0,0,NA,822
C70A,4,27,70921,6,0,0,NA,821.2
C70A,4,27,163419,7,0,0,NA,821.2
C70A,4,27,163419,8,0,0,NA,822
C70A,4,27,161657,1,374,153125,2.2,823.2
C70A,4,27,161657,2,374,153125,2.8,821.8
C70A,4,27,148675,3,374,153125,2,820
C70A,4,27,148675,4,374,153125,2.3,819.5
C70A,4,27,70921,5,374,153125,2.6,820.7
C70A,4,27,70921,6,374,153125,2.2,819.1
C70A,4,27,163419,7,374,153125,2.8,819.4
C70A,4,27,163419,8,374,153125,2.4,819
C70A,4,27,161657,1,429,178601,2.8,NA
C70A,4,27,161657,2,429,178601,3.3,NA
C70A,4,27,148675,3,429,178601,2.5,NA
C70A,4,27,148675,4,429,178601,2.5,NA
C70A,4,27,70921,5,429,178601,2.7,NA
C70A,4,27,70921,6,429,178601,2.5,NA
C70A,4,27,163419,7,429,178601,3.2,NA
C70A,4,27,163419,8,429,178601,2.1,NA
C70A,4,27,161657,1,484,204963,3.2,820.6
C70A,4,27,161657,2,484,204963,4.1,819.4
C70A,4,27,148675,3,484,204963,3.2,816.8
C70A,4,27,148675,4,484,204963,3.1,817.6
C70A,4,27,70921,5,484,204963,3.2,817.3
C70A,4,27,70921,6,484,204963,3,817.1
C70A,4,27,163419,7,484,204963,3.6,815.9
C70A,4,27,163419,8,484,204963,3.2,816.7
C70A,4,28,65144,1,0,0,NA,826.4
C70A,4,28,65144,2,0,0,NA,826
C70A,4,28,162966,3,0,0,NA,825
C70A,4,28,162966,4,0,0,NA,825
C70A,4,28,159823,5,0,0,NA,827.5
C70A,4,28,159823,6,0,0,NA,827.6
C70A,4,28,19636,7,0,0,NA,830
C70A,4,28,19636,8,0,0,NA,830
C70A,4,28,65144,1,374,153125,2.3,824.3
C70A,4,28,65144,2,374,153125,2.5,823.7
C70A,4,28,162966,3,374,153125,2.3,823.5
C70A,4,28,162966,4,374,153125,2.5,821.7
C70A,4,28,159823,5,374,153125,2.4,826
C70A,4,28,159823,6,374,153125,2.9,824.9
C70A,4,28,19636,7,374,153125,2.3,827.5
C70A,4,28,19636,8,374,153125,2.2,827.7
C70A,4,28,65144,1,429,178601,2.9,NA
C70A,4,28,65144,2,429,178601,NA,NA
C70A,4,28,162966,3,429,178601,2.5,NA
C70A,4,28,162966,4,429,178601,3.1,NA
C70A,4,28,159823,5,429,178601,2.8,NA
C70A,4,28,159823,6,429,178601,3,NA
C70A,4,28,19636,7,429,178601,NA,NA
C70A,4,28,19636,8,429,178601,NA,NA
C70A,4,28,65144,1,484,204963,3.1,821.8
C70A,4,28,65144,2,484,204963,3.3,821.4
C70A,4,28,162966,3,484,204963,3,819.6
C70A,4,28,162966,4,484,204963,3.6,819.7
C70A,4,28,159823,5,484,204963,3.1,822.7
C70A,4,28,159823,6,484,204963,3.3,822.8
C70A,4,28,19636,7,484,204963,2.9,825
C70A,4,28,19636,8,484,204963,2.8,825.6
C70A,3,29,41435,1,0,0,NA,NA
C70A,3,29,41435,2,0,0,NA,NA
C70A,3,29,32602,3,0,0,NA,NA
C70A,3,29,32602,4,0,0,NA,NA
C70A,3,29,4114,5,0,0,NA,NA
C70A,3,29,4114,6,0,0,NA,NA
C70A,3,29,2213,7,0,0,NA,NA
C70A,3,29,2213,8,0,0,NA,NA
C70A,3,29,41435,1,137,58572,0.5,NA
C70A,3,29,41435,2,137,58572,0.7,NA
C70A,3,29,32602,3,137,58572,0.9,NA
C70A,3,29,32602,4,137,58572,1,NA
C70A,3,29,4114,5,137,58572,0.7,NA
C70A,3,29,4114,6,137,58572,0.6,NA
C70A,3,29,2213,7,137,58572,1.1,NA
C70A,3,29,2213,8,137,58572,0.8,NA
C70A,3,29,41435,1,193,85591,0.8,NA
C70A,3,29,41435,2,193,85591,1,NA
C70A,3,29,32602,3,193,85591,1,NA
C70A,3,29,32602,4,193,85591,1.1,NA
C70A,3,29,4114,5,193,85591,0.7,NA
C70A,3,29,4114,6,193,85591,1,NA
C70A,3,29,2213,7,193,85591,0.6,NA
C70A,3,29,2213,8,193,85591,1.9,NA
C70A,3,29,41435,1,239,106130,0.6,816.4
C70A,3,29,41435,2,239,106130,1.1,816.4
C70A,3,29,32602,3,239,106130,0.8,815.4
C70A,3,29,32602,4,239,106130,0.5,815.5
C70A,3,29,4114,5,239,106130,0.7,813.3
C70A,3,29,4114,6,239,106130,0.8,812.9
C70A,3,29,2213,7,239,106130,0.8,814.9
C70A,3,29,2213,8,239,106130,1.5,812.9
C70A,3,30,296,1,0,0,NA,NA
C70A,3,30,296,2,0,0,NA,NA
C70A,3,30,34880,3,0,0,NA,NA
C70A,3,30,34880,4,0,0,NA,NA
C70A,3,30,111021,5,0,0,NA,NA
C70A,3,30,111021,6,0,0,NA,NA
C70A,3,30,16512,7,0,0,0,822.1
C70A,3,30,16512,8,0,0,0,822
C70A,3,30,296,1,137,58572,1,NA
C70A,3,30,296,2,137,58572,0.8,NA
C70A,3,30,34880,3,137,58572,0.7,NA
C70A,3,30,34880,4,137,58572,0.8,NA
C70A,3,30,111021,5,137,58572,0.8,NA
C70A,3,30,111021,6,137,58572,0.7,NA
C70A,3,30,16512,7,137,58572,0.8,NA
C70A,3,30,16512,8,137,58572,0.7,NA
C70A,3,30,296,1,193,85591,1.9,NA
C70A,3,30,296,2,193,85591,1.8,NA
C70A,3,30,34880,3,193,85591,0.7,NA
C70A,3,30,34880,4,193,85591,1.6,NA
C70A,3,30,111021,5,193,85591,0.8,NA
C70A,3,30,111021,6,193,85591,0.8,NA
C70A,3,30,16512,7,193,85591,1.8,NA
C70A,3,30,16512,8,193,85591,2,NA
C70A,3,30,296,1,239,106130,1.7,818.2
C70A,3,30,296,2,239,106130,1.2,819.2
C70A,3,30,34880,3,239,106130,0.6,818
C70A,3,30,34880,4,239,106130,1.8,815.6
C70A,3,30,111021,5,239,106130,0.7,819.3
C70A,3,30,111021,6,239,106130,1,818.6
C70A,3,30,16512,7,239,106130,1.5,817.1
C70A,3,30,16512,8,239,106130,2,816.4
C70A,4,31,142691,1,0,0,NA,808.5
C70A,4,31,142691,2,0,0,NA,808
C70A,4,31,32068,3,0,0,NA,801.2
C70A,4,31,32068,4,0,0,NA,801
C70A,4,31,98264,5,0,0,0,807
C70A,4,31,98264,6,0,0,0,807
C70A,4,31,94107,7,0,0,NA,808.5
C70A,4,31,94107,8,0,0,NA,808
C70A,4,31,142691,1,374,153125,1.5,806.7
C70A,4,31,142691,2,374,153125,2.1,805.5
C70A,4,31,32068,3,374,153125,1.9,799.4
C70A,4,31,32068,4,374,153125,2.1,798.8
C70A,4,31,98264,5,374,153125,0.7,805.5
C70A,4,31,98264,6,374,153125,1.1,804
C70A,4,31,94107,7,374,153125,2.3,806.9
C70A,4,31,94107,8,374,153125,3.1,805
C70A,4,31,142691,1,429,178601,NA,NA
C70A,4,31,142691,2,429,178601,NA,NA
C70A,4,31,32068,3,429,178601,NA,NA
C70A,4,31,32068,4,429,178601,NA,NA
C70A,4,31,98264,5,429,178601,NA,NA
C70A,4,31,98264,6,429,178601,NA,NA
C70A,4,31,94107,7,429,178601,NA,NA
C70A,4,31,94107,8,429,178601,NA,NA
C70A,4,31,142691,1,484,204963,1.7,805.3
C70A,4,31,142691,2,484,204963,2.3,804.4
C70A,4,31,32068,3,484,204963,2.3,797.9
C70A,4,31,32068,4,484,204963,2.2,798.2
C70A,4,31,98264,5,484,204963,1,803.9
C70A,4,31,98264,6,484,204963,1.4,803
C70A,4,31,94107,7,484,204963,2.6,805
C70A,4,31,94107,8,484,204963,3.1,804.5
C70A,4,32,77328,1,0,0,0,830
C70A,4,32,77328,2,0,0,NA,830
C70A,4,32,8104,3,0,0,NA,829
C70A,4,32,8104,4,0,0,0,829
C70A,4,32,43531,5,0,0,1,839
C70A,4,32,43531,6,0,0,NA,839
C70A,4,32,79187,7,0,0,NA,838.5
C70A,4,32,79187,8,0,0,0,838.4
C70A,4,32,77328,1,374,153125,0.8,828.1
C70A,4,32,77328,2,374,153125,0.8,828.1
C70A,4,32,8104,3,374,153125,0.8,827.3
C70A,4,32,8104,4,374,153125,0.9,827.4
C70A,4,32,43531,5,374,153125,2.2,837.5
C70A,4,32,43531,6,374,153125,2.8,835.3
C70A,4,32,79187,7,374,153125,1.2,835.9
C70A,4,32,79187,8,374,153125,0.9,836.7
C70A,4,32,77328,1,429,178601,NA,NA
C70A,4,32,77328,2,429,178601,NA,NA
C70A,4,32,8104,3,429,178601,NA,NA
C70A,4,32,8104,4,429,178601,NA,NA
C70A,4,32,43531,5,429,178601,NA,NA
C70A,4,32,43531,6,429,178601,3.5,NA
C70A,4,32,79187,7,429,178601,2,NA
C70A,4,32,79187,8,429,178601,1.5,NA
C70A,4,32,77328,1,484,204963,1.4,825.6
C70A,4,32,77328,2,484,204963,1.4,826
C70A,4,32,8104,3,484,204963,1.5,824.6
C70A,4,32,8104,4,484,204963,1.5,824.8
C70A,4,32,43531,5,484,204963,2.7,834.8
C70A,4,32,43531,6,484,204963,3.8,832.8
C70A,4,32,79187,7,484,204963,2.3,832.9
C70A,4,32,79187,8,484,204963,1.9,833.6
C70A,4,33,23047,1,0,0,NA,827.5
C70A,4,33,23047,2,0,0,NA,827.5
C70A,4,33,3194,3,0,0,NA,826
C70A,4,33,3194,4,0,0,NA,826
C70A,4,33,141827,5,0,0,NA,824.8
C70A,4,33,141827,6,0,0,NA,824.2
C70A,4,33,8880,7,0,0,NA,831.8
C70A,4,33,8880,8,0,0,NA,832
C70A,4,33,23047,1,374,153125,2.2,825.4
C70A,4,33,23047,2,374,153125,1.9,825.6
C70A,4,33,3194,3,374,153125,2,823.8
C70A,4,33,3194,4,374,153125,1.9,824
C70A,4,33,141827,5,374,153125,2.2,822.8
C70A,4,33,141827,6,374,153125,3.2,821.6
C70A,4,33,8880,7,374,153125,2.4,829
C70A,4,33,8880,8,374,153125,2.1,829.5
C70A,4,33,23047,1,429,178601,NA,NA
C70A,4,33,23047,2,429,178601,NA,NA
C70A,4,33,3194,3,429,178601,2.7,NA
C70A,4,33,3194,4,429,178601,NA,NA
C70A,4,33,141827,5,429,178601,NA,NA
C70A,4,33,141827,6,429,178601,NA,NA
C70A,4,33,8880,7,429,178601,3,NA
C70A,4,33,8880,8,429,178601,2.7,NA
C70A,4,33,23047,1,484,204963,2.8,823.3
C70A,4,33,23047,2,484,204963,3.1,823.4
C70A,4,33,3194,3,484,204963,3.3,821.1
C70A,4,33,3194,4,484,204963,2.4,822.3
C70A,4,33,141827,5,484,204963,3,820.3
C70A,4,33,141827,6,484,204963,4.2,818.6
C70A,4,33,8880,7,484,204963,3.2,826.8
C70A,4,33,8880,8,484,204963,3.1,827.5
C70A,4,34,36681,1,0,0,NA,841
C70A,4,34,36681,2,0,0,NA,840.5
C70A,4,34,12631,3,0,0,NA,840.3
C70A,4,34,12631,4,0,0,NA,839.8
C70A,4,34,36517,5,0,0,0,836
C70A,4,34,36517,6,0,0,0,836
C70A,4,34,35587,7,0,0,NA,840.7
C70A,4,34,35587,8,0,0,NA,840.5
C70A,4,34,36681,1,374,153125,1.8,838.8
C70A,4,34,36681,2,374,153125,2.5,837.2
C70A,4,34,12631,3,374,153125,2,838.3
C70A,4,34,12631,4,374,153125,3.2,836
C70A,4,34,36517,5,374,153125,1.3,834.1
C70A,4,34,36517,6,374,153125,1,835.2
C70A,4,34,35587,7,374,153125,2.3,838.1
C70A,4,34,35587,8,374,153125,2.3,837.6
C70A,4,34,36681,1,429,178601,2.4,NA
C70A,4,34,36681,2,429,178601,2.7,NA
C70A,4,34,12631,3,429,178601,2.7,NA
C70A,4,34,12631,4,429,178601,2.3,NA
C70A,4,34,36517,5,429,178601,2.2,NA
C70A,4,34,36517,6,429,178601,NA,NA
C70A,4,34,35587,7,429,178601,2.5,NA
C70A,4,34,35587,8,429,178601,2.6,NA
C70A,4,34,36681,1,484,204963,2.7,836.3
C70A,4,34,36681,2,484,204963,3.6,834.6
C70A,4,34,12631,3,484,204963,2.9,836
C70A,4,34,12631,4,484,204963,4,833.8
C70A,4,34,36517,5,484,204963,2.6,830.2
C70A,4,34,36517,6,484,204963,2.1,832.5
C70A,4,34,35587,7,484,204963,3.6,835.8
C70A,4,34,35587,8,484,204963,3.5,835.1
C70A,3,35,201877,1,0,0,0,825.7
C70A,3,35,201877,2,0,0,0,826.4
C70A,3,35,202569,3,0,0,0,825.2
C70A,3,35,202569,4,0,0,0,825.4
C70A,3,35,194904,5,0,0,0,824.2
C70A,3,35,194904,6,0,0,0,824.3
C70A,3,35,201740,7,0,0,0,827.3
C70A,3,35,201740,8,0,0,0,827
C70A,3,35,201877,1,137,58572,0.4,NA
C70A,3,35,201877,2,137,58572,0.6,NA
C70A,3,35,202569,3,137,58572,0.6,NA
C70A,3,35,202569,4,137,58572,0.5,NA
C70A,3,35,194904,5,137,58572,0.4,NA
C70A,3,35,194904,6,137,58572,0.6,NA
C70A,3,35,201740,7,137,58572,0.6,NA
C70A,3,35,201740,8,137,58572,0.5,NA
C70A,3,35,201877,1,193,85591,1.2,NA
C70A,3,35,201877,2,193,85591,1.5,NA
C70A,3,35,202569,3,193,85591,1.1,NA
C70A,3,35,202569,4,193,85591,1.4,NA
C70A,3,35,194904,5,193,85591,1.4,NA
C70A,3,35,194904,6,193,85591,1.5,NA
C70A,3,35,201740,7,193,85591,1.5,NA
C70A,3,35,201740,8,193,85591,1.7,NA
C70A,3,35,201877,1,239,106130,1,822.4
C70A,3,35,201877,2,239,106130,1.9,822.1
C70A,3,35,202569,3,239,106130,1,821.7
C70A,3,35,202569,4,239,106130,1,822.6
C70A,3,35,194904,5,239,106130,0.9,821.3
C70A,3,35,194904,6,239,106130,1.1,821.5
C70A,3,35,201740,7,239,106130,1.7,822.9
C70A,3,35,201740,8,239,106130,2.4,821.5
C70A,3,36,208815,1,0,0,0,828
C70A,3,36,208815,2,0,0,0,828.1
C70A,3,36,201645,3,0,0,0,826.4
C70A,3,36,201645,4,0,0,0,827.1
C70A,3,36,151612,5,0,0,0,822.4
C70A,3,36,151612,6,0,0,0,823.2
C70A,3,36,213628,7,0,0,NA,826.6
C70A,3,36,213628,8,0,0,NA,826.4
C70A,3,36,208815,1,137,58572,0.5,NA
C70A,3,36,208815,2,137,58572,0.4,NA
C70A,3,36,201645,3,137,58572,0.5,NA
C70A,3,36,201645,4,137,58572,0.6,NA
C70A,3,36,151612,5,137,58572,0.4,NA
C70A,3,36,151612,6,137,58572,0.3,NA
C70A,3,36,213628,7,137,58572,2.4,NA
C70A,3,36,213628,8,137,58572,2.3,NA
C70A,3,36,208815,1,193,85591,1.2,NA
C70A,3,36,208815,2,193,85591,1.2,NA
C70A,3,36,201645,3,193,85591,1.8,NA
C70A,3,36,201645,4,193,85591,1.6,NA
C70A,3,36,151612,5,193,85591,1.5,NA
C70A,3,36,151612,6,193,85591,1.4,NA
C70A,3,36,213628,7,193,85591,2.7,NA
C70A,3,36,213628,8,193,85591,3.2,NA
C70A,3,36,208815,1,239,106130,1.1,824.6
C70A,3,36,208815,2,239,106130,0.8,825.4
C70A,3,36,201645,3,239,106130,1.1,823.2
C70A,3,36,201645,4,239,106130,0.9,824
C70A,3,36,151612,5,239,106130,1.5,818.2
C70A,3,36,151612,6,239,106130,1.4,819.7
C70A,3,36,213628,7,239,106130,2.9,823.9
C70A,3,36,213628,8,239,106130,3.3,822.9
C70A,4,37,21869,1,0,0,NA,840
C70A,4,37,21869,2,0,0,NA,840
C70A,4,37,16980,3,0,0,NA,840.2
C70A,4,37,16980,4,0,0,NA,840.8
C70A,4,37,6841,5,0,0,0,839
C70A,4,37,6841,6,0,0,0,839
C70A,4,37,26393,7,0,0,NA,840.1
C70A,4,37,26393,8,0,0,NA,841
C70A,4,37,21869,1,374,153125,2.3,838
C70A,4,37,21869,2,374,153125,2.6,837
C70A,4,37,16980,3,374,153125,2.3,838.7
C70A,4,37,16980,4,374,153125,2.2,838.2
C70A,4,37,6841,5,374,153125,0.8,837.4
C70A,4,37,6841,6,374,153125,0.7,837.4
C70A,4,37,26393,7,374,153125,1.9,838.7
C70A,4,37,26393,8,374,153125,2,838.6
C70A,4,37,21869,1,429,178601,3.3,NA
C70A,4,37,21869,2,429,178601,2.9,NA
C70A,4,37,16980,3,429,178601,2.5,NA
C70A,4,37,16980,4,429,178601,NA,NA
C70A,4,37,6841,5,429,178601,NA,NA
C70A,4,37,6841,6,429,178601,1.7,NA
C70A,4,37,26393,7,429,178601,NA,NA
C70A,4,37,26393,8,429,178601,1.6,NA
C70A,4,37,21869,1,484,204963,3.4,835.6
C70A,4,37,21869,2,484,204963,3.4,834.9
C70A,4,37,16980,3,484,204963,2.9,836
C70A,4,37,16980,4,484,204963,2.9,836
C70A,4,37,6841,5,484,204963,1.7,835.1
C70A,4,37,6841,6,484,204963,2.2,834.5
C70A,4,37,26393,7,484,204963,2.8,836.6
C70A,4,37,26393,8,484,204963,3.1,835.4
C70A,4,38,11818,1,0,0,NA,841
C70A,4,38,11818,2,0,0,NA,841
C70A,4,38,10583,3,0,0,NA,839.2
C70A,4,38,10583,4,0,0,NA,840
C70A,4,38,78587,5,0,0,NA,840
C70A,4,38,78587,6,0,0,NA,840
C70A,4,38,43690,7,0,0,NA,841
C70A,4,38,43690,8,0,0,NA,840.8
C70A,4,38,11818,1,374,153125,2.7,837.1
C70A,4,38,11818,2,374,153125,2.4,837.9
C70A,4,38,10583,3,374,153125,1.9,838.9
C70A,4,38,10583,4,374,153125,2.1,838.4
C70A,4,38,78587,5,374,153125,2.5,837.7
C70A,4,38,78587,6,374,153125,2.3,838
C70A,4,38,43690,7,374,153125,2.1,838.7
C70A,4,38,43690,8,374,153125,2.4,837.5
C70A,4,38,11818,1,429,178601,NA,NA
C70A,4,38,11818,2,429,178601,NA,NA
C70A,4,38,10583,3,429,178601,2.7,NA
C70A,4,38,10583,4,429,178601,2.9,NA
C70A,4,38,78587,5,429,178601,3.5,NA
C70A,4,38,78587,6,429,178601,2.8,NA
C70A,4,38,43690,7,429,178601,2.1,NA
C70A,4,38,43690,8,429,178601,2.9,NA
C70A,4,38,11818,1,484,204963,2.4,837.5
C70A,4,38,11818,2,484,204963,3.3,835.7
C70A,4,38,10583,3,484,204963,3.4,835.1
C70A,4,38,10583,4,484,204963,3.1,835.8
C70A,4,38,78587,5,484,204963,3.7,835
C70A,4,38,78587,6,484,204963,3,835.9
C70A,4,38,43690,7,484,204963,2.6,836.6
C70A,4,38,43690,8,484,204963,3.4,835
C70A,3,39,13265,1,0,0,NA,NA
C70A,3,39,13265,2,0,0,NA,NA
C70A,3,39,8343,3,0,0,NA,NA
C70A,3,39,8343,4,0,0,NA,NA
C70A,3,39,142550,5,0,0,0,812.2
C70A,3,39,142550,6,0,0,0,812.4
C70A,3,39,7309,7,0,0,0,815
C70A,3,39,7309,8,0,0,0,814.9
C70A,3,39,13265,1,137,58572,0.5,NA
C70A,3,39,13265,2,137,58572,0.7,NA
C70A,3,39,8343,3,137,58572,0.8,NA
C70A,3,39,8343,4,137,58572,0.6,NA
C70A,3,39,142550,5,137,58572,1,NA
C70A,3,39,142550,6,137,58572,0.7,NA
C70A,3,39,7309,7,137,58572,0.8,NA
C70A,3,39,7309,8,137,58572,0.6,NA
C70A,3,39,13265,1,193,85591,1.8,NA
C70A,3,39,13265,2,193,85591,2.8,NA
C70A,3,39,8343,3,193,85591,1,NA
C70A,3,39,8343,4,193,85591,1.3,NA
C70A,3,39,142550,5,193,85591,1.2,NA
C70A,3,39,142550,6,193,85591,1.8,NA
C70A,3,39,7309,7,193,85591,1.6,NA
C70A,3,39,7309,8,193,85591,2.1,NA
C70A,3,39,13265,1,239,106130,1.3,813
C70A,3,39,13265,2,239,106130,2.4,811.4
C70A,3,39,8343,3,239,106130,1.1,812.5
C70A,3,39,8343,4,239,106130,1.2,812.1
C70A,3,39,142550,5,239,106130,1.6,806.6
C70A,3,39,142550,6,239,106130,1.9,808.8
C70A,3,39,7309,7,239,106130,1.9,809.7
C70A,3,39,7309,8,239,106130,1.7,810.9
C70A,3,40,9923,1,0,0,0,820.5
C70A,3,40,9923,2,0,0,0,820.3
C70A,3,40,33423,3,0,0,0,819.2
C70A,3,40,33423,4,0,0,0,819
C70A,3,40,203000,5,0,0,NA,NA
C70A,3,40,203000,6,0,0,NA,NA
C70A,3,40,159722,7,0,0,0,821.1
C70A,3,40,159722,8,0,0,0,821.4
C70A,3,40,9923,1,137,58572,0.5,NA
C70A,3,40,9923,2,137,58572,0.7,NA
C70A,3,40,33423,3,137,58572,0.9,NA
C70A,3,40,33423,4,137,58572,0.5,NA
C70A,3,40,203000,5,137,58572,0.7,NA
C70A,3,40,203000,6,137,58572,0.9,NA
C70A,3,40,159722,7,137,58572,0.8,NA
C70A,3,40,159722,8,137,58572,0.6,NA
C70A,3,40,9923,1,193,85591,1,NA
C70A,3,40,9923,2,193,85591,1,NA
C70A,3,40,33423,3,193,85591,0.5,NA
C70A,3,40,33423,4,193,85591,0.6,NA
C70A,3,40,203000,5,193,85591,0.6,NA
C70A,3,40,203000,6,193,85591,1.3,NA
C70A,3,40,159722,7,193,85591,1.2,NA
C70A,3,40,159722,8,193,85591,1,NA
C70A,3,40,9923,1,239,106130,0.9,816.3
C70A,3,40,9923,2,239,106130,0.8,817.1
C70A,3,40,33423,3,239,106130,0.5,816.5
C70A,3,40,33423,4,239,106130,0.7,816
C70A,3,40,203000,5,239,106130,0.9,817.5
C70A,3,40,203000,6,239,106130,1.4,816.1
C70A,3,40,159722,7,239,106130,1.4,816.6
C70A,3,40,159722,8,239,106130,0.7,818.6
C70A,3,41,79057,1,0,0,0,825.6
C70A,3,41,79057,2,0,0,0,825.6
C70A,3,41,152971,3,0,0,0,821.8
C70A,3,41,152971,4,0,0,0,822.2
C70A,3,41,39913,5,0,0,0,824.1
C70A,3,41,39913,6,0,0,0,824.3
C70A,3,41,152210,7,0,0,0,823.9
C70A,3,41,152210,8,0,0,0,824.2
C70A,3,41,79057,1,137,58572,0.5,NA
C70A,3,41,79057,2,137,58572,0.7,NA
C70A,3,41,152971,3,137,58572,0.6,NA
C70A,3,41,152971,4,137,58572,0.8,NA
C70A,3,41,39913,5,137,58572,1,NA
C70A,3,41,39913,6,137,58572,0.7,NA
C70A,3,41,152210,7,137,58572,1.1,NA
C70A,3,41,152210,8,137,58572,0.9,NA
C70A,3,41,79057,1,193,85591,1.5,NA
C70A,3,41,79057,2,193,85591,1.5,NA
C70A,3,41,152971,3,193,85591,1.4,NA
C70A,3,41,152971,4,193,85591,1.7,NA
C70A,3,41,39913,5,193,85591,1.2,NA
C70A,3,41,39913,6,193,85591,1.3,NA
C70A,3,41,152210,7,193,85591,1.3,NA
C70A,3,41,152210,8,193,85591,1.8,NA
C70A,3,41,79057,1,239,106130,1.1,822.5
C70A,3,41,79057,2,239,106130,1.9,821.3
C70A,3,41,152971,3,239,106130,1.2,818.3
C70A,3,41,152971,4,239,106130,1.9,818
C70A,3,41,39913,5,239,106130,1.4,819.4
C70A,3,41,39913,6,239,106130,1.3,820.8
C70A,3,41,152210,7,239,106130,1.4,819.9
C70A,3,41,152210,8,239,106130,2.1,819.3
C70A,3,42,200526,1,0,0,0,828.4
C70A,3,42,200526,2,0,0,0,829.2
C70A,3,42,110989,3,0,0,0,827.9
C70A,3,42,110989,4,0,0,0,827.9
C70A,3,42,37799,5,0,0,0,828.8
C70A,3,42,37799,6,0,0,0,828
C70A,3,42,154295,7,0,0,0,828.4
C70A,3,42,154295,8,0,0,0,828.5
C70A,3,42,200526,1,137,58572,0.5,NA
C70A,3,42,200526,2,137,58572,0.7,NA
C70A,3,42,110989,3,137,58572,0.6,NA
C70A,3,42,110989,4,137,58572,0.4,NA
C70A,3,42,37799,5,137,58572,0.7,NA
C70A,3,42,37799,6,137,58572,0.4,NA
C70A,3,42,154295,7,137,58572,0.5,NA
C70A,3,42,154295,8,137,58572,0.6,NA
C70A,3,42,200526,1,193,85591,0.8,NA
C70A,3,42,200526,2,193,85591,1.7,NA
C70A,3,42,110989,3,193,85591,2.4,NA
C70A,3,42,110989,4,193,85591,2.6,NA
C70A,3,42,37799,5,193,85591,0.6,NA
C70A,3,42,37799,6,193,85591,1.9,NA
C70A,3,42,154295,7,193,85591,1.4,NA
C70A,3,42,154295,8,193,85591,1.3,NA
C70A,3,42,200526,1,239,106130,1.2,824.7
C70A,3,42,200526,2,239,106130,2.2,823.7
C70A,3,42,110989,3,239,106130,2.5,822
C70A,3,42,110989,4,239,106130,1.9,823.3
C70A,3,42,37799,5,239,106130,1,825.7
C70A,3,42,37799,6,239,106130,1.3,825.3
C70A,3,42,154295,7,239,106130,1.5,824.2
C70A,3,42,154295,8,239,106130,1.2,824.6
C70A,4,43,14051,1,0,0,0,839
C70A,4,43,14051,2,0,0,0,839
C70A,4,43,18617,3,0,0,0,839
C70A,4,43,18617,4,0,0,0,839
C70A,4,43,19041,5,0,0,0,839.2
C70A,4,43,19041,6,0,0,NA,839.5
C70A,4,43,13479,7,0,0,0,839
C70A,4,43,13479,8,0,0,0,839
C70A,4,43,14051,1,374,153125,0.4,836.6
C70A,4,43,14051,2,374,153125,0.9,835.4
C70A,4,43,18617,3,374,153125,0.4,837.1
C70A,4,43,18617,4,374,153125,0.6,835.6
C70A,4,43,19041,5,374,153125,0.4,835.9
C70A,4,43,19041,6,374,153125,0.8,836.2
C70A,4,43,13479,7,374,153125,0.5,836.5
C70A,4,43,13479,8,374,153125,0.5,835.3
C70A,4,43,14051,1,429,178601,NA,NA
C70A,4,43,14051,2,429,178601,1.3,NA
C70A,4,43,18617,3,429,178601,0.9,NA
C70A,4,43,18617,4,429,178601,NA,NA
C70A,4,43,19041,5,429,178601,1,NA
C70A,4,43,19041,6,429,178601,1.3,NA
C70A,4,43,13479,7,429,178601,0.8,NA
C70A,4,43,13479,8,429,178601,NA,NA
C70A,4,43,14051,1,484,204963,1.1,834.3
C70A,4,43,14051,2,484,204963,1.8,833
C70A,4,43,18617,3,484,204963,1.1,835.3
C70A,4,43,18617,4,484,204963,1,834.4
C70A,4,43,19041,5,484,204963,1.5,833.3
C70A,4,43,19041,6,484,204963,1.4,834.3
C70A,4,43,13479,7,484,204963,1.1,834.1
C70A,4,43,13479,8,484,204963,1.4,832.9
C70A,4,44,13086,1,0,0,NA,840.6
C70A,4,44,13086,2,0,0,NA,840.6
C70A,4,44,12418,3,0,0,NA,836.2
C70A,4,44,12418,4,0,0,NA,836.5
C70A,4,44,6470,5,0,0,0,836
C70A,4,44,6470,6,0,0,0,836
C70A,4,44,14954,7,0,0,0,839
C70A,4,44,14954,8,0,0,0,839
C70A,4,44,13086,1,374,153125,2,838.8
C70A,4,44,13086,2,374,153125,2.1,838.4
C70A,4,44,12418,3,374,153125,1.9,834.1
C70A,4,44,12418,4,374,153125,1.8,833.8
C70A,4,44,6470,5,374,153125,0.8,834.7
C70A,4,44,6470,6,374,153125,1.5,833.7
C70A,4,44,14954,7,374,153125,1.4,834.9
C70A,4,44,14954,8,374,153125,1,835.6
C70A,4,44,13086,1,429,178601,2.4,NA
C70A,4,44,13086,2,429,178601,2.6,NA
C70A,4,44,12418,3,429,178601,2.5,NA
C70A,4,44,12418,4,429,178601,NA,NA
C70A,4,44,6470,5,429,178601,NA,NA
C70A,4,44,6470,6,429,178601,2,NA
C70A,4,44,14954,7,429,178601,2.1,NA
C70A,4,44,14954,8,429,178601,1.4,NA
C70A,4,44,13086,1,484,204963,2.8,836.1
C70A,4,44,13086,2,484,204963,3.2,836
C70A,4,44,12418,3,484,204963,2.7,831.8
C70A,4,44,12418,4,484,204963,2.4,832.2
C70A,4,44,6470,5,484,204963,1.6,832.5
C70A,4,44,6470,6,484,204963,2.1,831.3
C70A,4,44,14954,7,484,204963,2.4,831.3
C70A,4,44,14954,8,484,204963,1.9,833.3
C70A,4,45,20057,1,0,0,NA,840
C70A,4,45,20057,2,0,0,NA,839.5
C70A,4,45,3130,3,0,0,NA,840.5
C70A,4,45,3130,4,0,0,NA,840.5
C70A,4,45,12845,5,0,0,0,833
C70A,4,45,12845,6,0,0,NA,833
C70A,4,45,49595,7,0,0,0,836
C70A,4,45,49595,8,0,0,NA,836
C70A,4,45,20057,1,374,153125,2.3,837.9
C70A,4,45,20057,2,374,153125,2.8,836.9
C70A,4,45,3130,3,374,153125,2.1,837.7
C70A,4,45,3130,4,374,153125,2.1,838.2
C70A,4,45,12845,5,374,153125,0.6,830.2
C70A,4,45,12845,6,374,153125,0.2,829.8
C70A,4,45,49595,7,374,153125,0.6,833.5
C70A,4,45,49595,8,374,153125,0.9,833.5
C70A,4,45,20057,1,429,178601,NA,NA
C70A,4,45,20057,2,429,178601,2.9,NA
C70A,4,45,3130,3,429,178601,2.7,NA
C70A,4,45,3130,4,429,178601,2.7,NA
C70A,4,45,12845,5,429,178601,NA,NA
C70A,4,45,12845,6,429,178601,NA,NA
C70A,4,45,49595,7,429,178601,NA,NA
C70A,4,45,49595,8,429,178601,NA,NA
C70A,4,45,20057,1,484,204963,2.9,836.8
C70A,4,45,20057,2,484,204963,3.9,834.3
C70A,4,45,3130,3,484,204963,2.9,837.4
C70A,4,45,3130,4,484,204963,2.8,836.7
C70A,4,45,12845,5,484,204963,1.4,828.5
C70A,4,45,12845,6,484,204963,0.9,827.8
C70A,4,45,49595,7,484,204963,1.2,831
C70A,4,45,49595,8,484,204963,1.5,831.2
C70A,4,46,34645,1,0,0,NA,840
C70A,4,46,34645,2,0,0,NA,840
C70A,4,46,10231,3,0,0,0,834
C70A,4,46,10231,4,0,0,0,834
C70A,4,46,40582,5,0,0,NA,840.6
C70A,4,46,40582,6,0,0,NA,840.5
C70A,4,46,52340,7,0,0,NA,840
C70A,4,46,52340,8,0,0,NA,840
C70A,4,46,34645,1,374,153125,2.2,837.7
C70A,4,46,34645,2,374,153125,2.5,837.4
C70A,4,46,10231,3,374,153125,0.6,831.5
C70A,4,46,10231,4,374,153125,0.6,832.3
C70A,4,46,40582,5,374,153125,1.8,838.8
C70A,4,46,40582,6,374,153125,3.2,836
C70A,4,46,52340,7,374,153125,2.3,838.1
C70A,4,46,52340,8,374,153125,3.1,837
C70A,4,46,34645,1,429,178601,2.8,NA
C70A,4,46,34645,2,429,178601,3.4,NA
C70A,4,46,10231,3,429,178601,2,NA
C70A,4,46,10231,4,429,178601,NA,NA
C70A,4,46,40582,5,429,178601,2.5,NA
C70A,4,46,40582,6,429,178601,3.7,NA
C70A,4,46,52340,7,429,178601,NA,NA
C70A,4,46,52340,8,429,178601,3.7,NA
C70A,4,46,34645,1,484,204963,3.2,836.5
C70A,4,46,34645,2,484,204963,3.7,835.6
C70A,4,46,10231,3,484,204963,2.3,828.7
C70A,4,46,10231,4,484,204963,1.3,830.5
C70A,4,46,40582,5,484,204963,2.7,836.1
C70A,4,46,40582,6,484,204963,4,833.6
C70A,4,46,52340,7,484,204963,2.9,836.1
C70A,4,46,52340,8,484,204963,4,834.2
C70A,4,47,30154,1,0,0,NA,840.5
C70A,4,47,30154,2,0,0,NA,840.6
C70A,4,47,20819,3,0,0,NA,840.5
C70A,4,47,20819,4,0,0,NA,840.2
C70A,4,47,31389,5,0,0,NA,830
C70A,4,47,31389,6,0,0,NA,830
C70A,4,47,36366,7,0,0,0,838
C70A,4,47,36366,8,0,0,0,838
C70A,4,47,30154,1,374,153125,2.7,837.4
C70A,4,47,30154,2,374,153125,2.3,837.8
C70A,4,47,20819,3,374,153125,2.3,838.5
C70A,4,47,20819,4,374,153125,2.5,837.9
C70A,4,47,31389,5,374,153125,2.5,827.4
C70A,4,47,31389,6,374,153125,2.3,827.4
C70A,4,47,36366,7,374,153125,0.7,835.6
C70A,4,47,36366,8,374,153125,0.9,836
C70A,4,47,30154,1,429,178601,NA,NA
C70A,4,47,30154,2,429,178601,3.1,NA
C70A,4,47,20819,3,429,178601,2.9,NA
C70A,4,47,20819,4,429,178601,3.3,NA
C70A,4,47,31389,5,429,178601,NA,NA
C70A,4,47,31389,6,429,178601,NA,NA
C70A,4,47,36366,7,429,178601,NA,NA
C70A,4,47,36366,8,429,178601,1.7,NA
C70A,4,47,30154,1,484,204963,3.3,834.8
C70A,4,47,30154,2,484,204963,3.4,835.1
C70A,4,47,20819,3,484,204963,3,836
C70A,4,47,20819,4,484,204963,3.4,835.5
C70A,4,47,31389,5,484,204963,3.4,824.4
C70A,4,47,31389,6,484,204963,3.1,825.3
C70A,4,47,36366,7,484,204963,1.7,832.1
C70A,4,47,36366,8,484,204963,2.1,833
C70A,4,48,162803,1,0,0,NA,825.6
C70A,4,48,162803,2,0,0,NA,825.5
C70A,4,48,60616,3,0,0,NA,822.4
C70A,4,48,60616,4,0,0,NA,822
C70A,4,48,8110,5,0,0,NA,823.4
C70A,4,48,8110,6,0,0,NA,823.5
C70A,4,48,143679,7,0,0,NA,823.6
C70A,4,48,143679,8,0,0,NA,823.4
C70A,4,48,162803,1,374,153125,2.1,824.4
C70A,4,48,162803,2,374,153125,2.2,823.8
C70A,4,48,60616,3,374,153125,2,821
C70A,4,48,60616,4,374,153125,2.8,819.6
C70A,4,48,8110,5,374,153125,2.5,821.1
C70A,4,48,8110,6,374,153125,2.8,821.1
C70A,4,48,143679,7,374,153125,2.1,821.2
C70A,4,48,143679,8,374,153125,2,821.2
C70A,4,48,162803,1,429,178601,NA,NA
C70A,4,48,162803,2,429,178601,NA,NA
C70A,4,48,60616,3,429,178601,2.5,NA
C70A,4,48,60616,4,429,178601,3.2,NA
C70A,4,48,8110,5,429,178601,2.9,NA
C70A,4,48,8110,6,429,178601,NA,NA
C70A,4,48,143679,7,429,178601,NA,NA
C70A,4,48,143679,8,429,178601,NA,NA
C70A,4,48,162803,1,484,204963,2.6,821.8
C70A,4,48,162803,2,484,204963,3.1,821.5
C70A,4,48,60616,3,484,204963,2.6,818.7
C70A,4,48,60616,4,484,204963,3.4,817.5
C70A,4,48,8110,5,484,204963,3.3,818.7
C70A,4,48,8110,6,484,204963,3.1,819.2
C70A,4,48,143679,7,484,204963,2.9,818.3
C70A,4,48,143679,8,484,204963,2.7,819
